<?xml version="1.0" encoding="UTF-8"?>
<project-private xmlns="http://www.netbeans.org/ns/project-private/1">
    <editor-bookmarks xmlns="http://www.netbeans.org/ns/editor-bookmarks/2" lastBookmarkId="0"/>
    <open-files xmlns="http://www.netbeans.org/ns/projectui-open-files/2">
        <group>
            <file>file:/Users/surakitisopontanapat/NetBeansProjects/Project_JSP/src/java/model/ConnectionBuilder.java</file>
            <file>file:/Users/surakitisopontanapat/NetBeansProjects/Project_JSP/web/Profiles.jsp</file>
            <file>file:/Users/surakitisopontanapat/NetBeansProjects/Project_JSP/src/java/controller/RegisterServlet.java</file>
            <file>file:/Users/surakitisopontanapat/NetBeansProjects/Project_JSP/web/FoodList.html</file>
            <file>file:/Users/surakitisopontanapat/NetBeansProjects/Project_JSP/web/index.html</file>
            <file>file:/Users/surakitisopontanapat/NetBeansProjects/Project_JSP/src/java/model/Member.java</file>
            <file>file:/Users/surakitisopontanapat/NetBeansProjects/Project_JSP/web/LoginUser.jsp</file>
            <file>file:/Users/surakitisopontanapat/NetBeansProjects/Project_JSP/src/java/model/CaloriesBMI.java</file>
            <file>file:/Users/surakitisopontanapat/NetBeansProjects/Project_JSP/web/Login.html</file>
        </group>
    </open-files>
</project-private>
